homeTeam,awayTeam,matchDateUtc,stadiumName,status
"Lazio","Cremonese","2025-12-20T17:00:00Z","Olimpico","UPCOMING"
"Juventus","Roma","2025-12-20T19:45:00Z","Allianz Stadium","UPCOMING"
"Cagliari","Pisa","2025-12-21T11:30:00Z","Unipol Domus","UPCOMING"
"Sassuolo","Torino","2025-12-21T14:00:00Z","Mapei Stadium","UPCOMING"
"Fiorentina","Udinese","2025-12-21T17:00:00Z","Artemio Franchi","UPCOMING"
"Genoa","Atalanta","2025-12-21T19:45:00Z","Luigi Ferraris","UPCOMING"
"Parma","Fiorentina","2025-12-27T11:30:00Z","Ennio Tardini","UPCOMING"
"Lecce","Como","2025-12-27T14:00:00Z","Ettore Giardiniero - Via Del Mare","UPCOMING"
"Torino","Cagliari","2025-12-27T14:00:00Z","Olimpico - Grande Torino","UPCOMING"
"Udinese","Lazio","2025-12-27T17:00:00Z","Friuli/Bluenergy stadium","UPCOMING"
"Pisa","Juventus","2025-12-27T19:45:00Z","Cetilar Arena","UPCOMING"
"Milan","Hellas Verona","2025-12-28T11:30:00Z","Giuseppe Meazza","UPCOMING"
"Cremonese","Napoli","2025-12-28T14:00:00Z","Giovanni Zini","UPCOMING"
"Bologna","Sassuolo","2025-12-28T17:00:00Z","Renato Dall'Ara","UPCOMING"
"Atalanta","Inter","2025-12-28T19:45:00Z","New Balance Arena","UPCOMING"
"Roma","Genoa","2025-12-29T19:45:00Z","Olimpico","UPCOMING"
"Cagliari","Milan","2026-01-02T19:45:00Z","Unipol Domus","UPCOMING"
"Como","Udinese","2026-01-03T11:30:00Z","Giuseppe Sinigaglia","UPCOMING"
"Genoa","Pisa","2026-01-03T14:00:00Z","Luigi Ferraris","UPCOMING"
"Sassuolo","Parma","2026-01-03T14:00:00Z","Mapei Stadium","UPCOMING"
"Juventus","Lecce","2026-01-03T17:00:00Z","Allianz Stadium","UPCOMING"
"Atalanta","Roma","2026-01-03T19:45:00Z","New Balance Arena","UPCOMING"
"Lazio","Napoli","2026-01-04T11:30:00Z","Olimpico","UPCOMING"
"Fiorentina","Cremonese","2026-01-04T14:00:00Z","Artemio Franchi","UPCOMING"
"Hellas Verona","Torino","2026-01-04T17:00:00Z","Marcantonio Bentegodi","UPCOMING"
"Inter","Bologna","2026-01-04T19:45:00Z","Giuseppe Meazza","UPCOMING"
"Pisa","Como","2026-01-06T14:00:00Z","Cetilar Arena","UPCOMING"
"Lecce","Roma","2026-01-06T17:00:00Z","Ettore Giardiniero - Via Del Mare","UPCOMING"
"Sassuolo","Juventus","2026-01-06T19:45:00Z","Mapei Stadium","UPCOMING"
"Bologna","Atalanta","2026-01-07T17:30:00Z","Renato Dall'Ara","UPCOMING"
"Napoli","Hellas Verona","2026-01-07T17:30:00Z","Diego Armando Maradona","UPCOMING"
"Lazio","Fiorentina","2026-01-07T19:45:00Z","Olimpico","UPCOMING"
"Parma","Inter","2026-01-07T19:45:00Z","Ennio Tardini","UPCOMING"
"Torino","Udinese","2026-01-07T19:45:00Z","Olimpico - Grande Torino","UPCOMING"
"Cremonese","Cagliari","2026-01-08T17:30:00Z","Giovanni Zini","UPCOMING"
"Milan","Genoa","2026-01-08T19:45:00Z","Giuseppe Meazza","UPCOMING"
"Como","Bologna","2026-01-10T14:00:00Z","Giuseppe Sinigaglia","UPCOMING"
"Udinese","Pisa","2026-01-10T14:00:00Z","Friuli/Bluenergy stadium","UPCOMING"
"Roma","Sassuolo","2026-01-10T17:00:00Z","Olimpico","UPCOMING"
"Atalanta","Torino","2026-01-10T19:45:00Z","New Balance Arena","UPCOMING"
"Lecce","Parma","2026-01-11T11:30:00Z","Ettore Giardiniero - Via Del Mare","UPCOMING"
"Fiorentina","Milan","2026-01-11T14:00:00Z","Artemio Franchi","UPCOMING"
"Hellas Verona","Lazio","2026-01-11T17:00:00Z","Marcantonio Bentegodi","UPCOMING"
"Inter","Napoli","2026-01-11T19:45:00Z","Giuseppe Meazza","UPCOMING"
"Genoa","Cagliari","2026-01-12T17:30:00Z","Luigi Ferraris","UPCOMING"
"Juventus","Cremonese","2026-01-12T19:45:00Z","Allianz Stadium","UPCOMING"
"Napoli","Parma","2026-01-14T17:30:00Z","Diego Armando Maradona","UPCOMING"
"Inter","Lecce","2026-01-14T19:45:00Z","Giuseppe Meazza","UPCOMING"
"Hellas Verona","Bologna","2026-01-15T17:30:00Z","Marcantonio Bentegodi","UPCOMING"
"Como","Milan","2026-01-15T19:45:00Z","Giuseppe Sinigaglia","UPCOMING"
"Pisa","Atalanta","2026-01-16T19:45:00Z","Cetilar Arena","UPCOMING"
"Udinese","Inter","2026-01-17T14:00:00Z","Friuli/Bluenergy stadium","UPCOMING"
"Napoli","Sassuolo","2026-01-17T17:00:00Z","Diego Armando Maradona","UPCOMING"
"Cagliari","Juventus","2026-01-17T19:45:00Z","Unipol Domus","UPCOMING"
"Parma","Genoa","2026-01-18T11:30:00Z","Ennio Tardini","UPCOMING"
"Bologna","Fiorentina","2026-01-18T14:00:00Z","Renato Dall'Ara","UPCOMING"
"Torino","Roma","2026-01-18T17:00:00Z","Olimpico - Grande Torino","UPCOMING"
"Milan","Lecce","2026-01-18T19:45:00Z","Giuseppe Meazza","UPCOMING"
"Cremonese","Hellas Verona","2026-01-19T17:30:00Z","Giovanni Zini","UPCOMING"
"Lazio","Como","2026-01-19T19:45:00Z","Olimpico","UPCOMING"
"Inter","Pisa","2026-01-23T19:45:00Z","Giuseppe Meazza","UPCOMING"
"Como","Torino","2026-01-24T14:00:00Z","Giuseppe Sinigaglia","UPCOMING"
"Fiorentina","Cagliari","2026-01-24T17:00:00Z","Artemio Franchi","UPCOMING"
"Lecce","Lazio","2026-01-24T19:45:00Z","Ettore Giardiniero - Via Del Mare","UPCOMING"
"Sassuolo","Cremonese","2026-01-25T11:30:00Z","Mapei Stadium","UPCOMING"
"Atalanta","Parma","2026-01-25T14:00:00Z","New Balance Arena","UPCOMING"
"Genoa","Bologna","2026-01-25T14:00:00Z","Luigi Ferraris","UPCOMING"
"Juventus","Napoli","2026-01-25T17:00:00Z","Allianz Stadium","UPCOMING"
"Roma","Milan","2026-01-25T19:45:00Z","Olimpico","UPCOMING"
"Hellas Verona","Udinese","2026-01-26T19:45:00Z","Marcantonio Bentegodi","UPCOMING"
"Bologna","Milan","2026-02-01T14:00:00Z","Renato Dall'Ara","UPCOMING"
"Cagliari","Hellas Verona","2026-02-01T14:00:00Z","Unipol Domus","UPCOMING"
"Como","Atalanta","2026-02-01T14:00:00Z","Giuseppe Sinigaglia","UPCOMING"
"Cremonese","Inter","2026-02-01T14:00:00Z","Giovanni Zini","UPCOMING"
"Lazio","Genoa","2026-02-01T14:00:00Z","Olimpico","UPCOMING"
"Napoli","Fiorentina","2026-02-01T14:00:00Z","Diego Armando Maradona","UPCOMING"
"Parma","Juventus","2026-02-01T14:00:00Z","Ennio Tardini","UPCOMING"
"Pisa","Sassuolo","2026-02-01T14:00:00Z","Cetilar Arena","UPCOMING"
"Torino","Lecce","2026-02-01T14:00:00Z","Olimpico - Grande Torino","UPCOMING"
"Udinese","Roma","2026-02-01T14:00:00Z","Friuli/Bluenergy stadium","UPCOMING"
"Atalanta","Cremonese","2026-02-08T14:00:00Z","New Balance Arena","UPCOMING"
"Bologna","Parma","2026-02-08T14:00:00Z","Renato Dall'Ara","UPCOMING"
"Fiorentina","Torino","2026-02-08T14:00:00Z","Artemio Franchi","UPCOMING"
"Genoa","Napoli","2026-02-08T14:00:00Z","Luigi Ferraris","UPCOMING"
"Juventus","Lazio","2026-02-08T14:00:00Z","Allianz Stadium","UPCOMING"
"Lecce","Udinese","2026-02-08T14:00:00Z","Ettore Giardiniero - Via Del Mare","UPCOMING"
"Milan","Como","2026-02-08T14:00:00Z","Giuseppe Meazza","UPCOMING"
"Roma","Cagliari","2026-02-08T14:00:00Z","Olimpico","UPCOMING"
"Sassuolo","Inter","2026-02-08T14:00:00Z","Mapei Stadium","UPCOMING"
"Hellas Verona","Pisa","2026-02-08T14:00:00Z","Marcantonio Bentegodi","UPCOMING"
"Cagliari","Lecce","2026-02-15T14:00:00Z","Unipol Domus","UPCOMING"
"Como","Fiorentina","2026-02-15T14:00:00Z","Giuseppe Sinigaglia","UPCOMING"
"Cremonese","Genoa","2026-02-15T14:00:00Z","Giovanni Zini","UPCOMING"
"Inter","Juventus","2026-02-15T14:00:00Z","Giuseppe Meazza","UPCOMING"
"Lazio","Atalanta","2026-02-15T14:00:00Z","Olimpico","UPCOMING"
"Napoli","Roma","2026-02-15T14:00:00Z","Diego Armando Maradona","UPCOMING"
"Parma","Hellas Verona","2026-02-15T14:00:00Z","Ennio Tardini","UPCOMING"
"Pisa","Milan","2026-02-15T14:00:00Z","Cetilar Arena","UPCOMING"
"Torino","Bologna","2026-02-15T14:00:00Z","Olimpico - Grande Torino","UPCOMING"
"Udinese","Sassuolo","2026-02-15T14:00:00Z","Friuli/Bluenergy stadium","UPCOMING"
"Atalanta","Napoli","2026-02-22T14:00:00Z","New Balance Arena","UPCOMING"
"Bologna","Udinese","2026-02-22T14:00:00Z","Renato Dall'Ara","UPCOMING"
"Cagliari","Lazio","2026-02-22T14:00:00Z","Unipol Domus","UPCOMING"
"Fiorentina","Pisa","2026-02-22T14:00:00Z","Artemio Franchi","UPCOMING"
"Genoa","Torino","2026-02-22T14:00:00Z","Luigi Ferraris","UPCOMING"
"Juventus","Como","2026-02-22T14:00:00Z","Allianz Stadium","UPCOMING"
"Lecce","Inter","2026-02-22T14:00:00Z","Ettore Giardiniero - Via Del Mare","UPCOMING"
"Milan","Parma","2026-02-22T14:00:00Z","Giuseppe Meazza","UPCOMING"
"Roma","Cremonese","2026-02-22T14:00:00Z","Olimpico","UPCOMING"
"Sassuolo","Hellas Verona","2026-02-22T14:00:00Z","Mapei Stadium","UPCOMING"
"Como","Lecce","2026-03-01T14:00:00Z","Giuseppe Sinigaglia","UPCOMING"
"Cremonese","Milan","2026-03-01T14:00:00Z","Giovanni Zini","UPCOMING"
"Inter","Genoa","2026-03-01T14:00:00Z","Giuseppe Meazza","UPCOMING"
"Parma","Cagliari","2026-03-01T14:00:00Z","Ennio Tardini","UPCOMING"
"Pisa","Bologna","2026-03-01T14:00:00Z","Cetilar Arena","UPCOMING"
"Roma","Juventus","2026-03-01T14:00:00Z","Olimpico","UPCOMING"
"Sassuolo","Atalanta","2026-03-01T14:00:00Z","Mapei Stadium","UPCOMING"
"Torino","Lazio","2026-03-01T14:00:00Z","Olimpico - Grande Torino","UPCOMING"
"Udinese","Fiorentina","2026-03-01T14:00:00Z","Friuli/Bluenergy stadium","UPCOMING"
"Hellas Verona","Napoli","2026-03-01T14:00:00Z","Marcantonio Bentegodi","UPCOMING"
"Atalanta","Udinese","2026-03-08T14:00:00Z","New Balance Arena","UPCOMING"
"Bologna","Hellas Verona","2026-03-08T14:00:00Z","Renato Dall'Ara","UPCOMING"
"Cagliari","Como","2026-03-08T14:00:00Z","Unipol Domus","UPCOMING"
"Fiorentina","Parma","2026-03-08T14:00:00Z","Artemio Franchi","UPCOMING"
"Genoa","Roma","2026-03-08T14:00:00Z","Luigi Ferraris","UPCOMING"
"Juventus","Pisa","2026-03-08T14:00:00Z","Allianz Stadium","UPCOMING"
"Lazio","Sassuolo","2026-03-08T14:00:00Z","Olimpico","UPCOMING"
"Lecce","Cremonese","2026-03-08T14:00:00Z","Ettore Giardiniero - Via Del Mare","UPCOMING"
"Milan","Inter","2026-03-08T14:00:00Z","Giuseppe Meazza","UPCOMING"
"Napoli","Torino","2026-03-08T14:00:00Z","Diego Armando Maradona","UPCOMING"
"Como","Roma","2026-03-15T14:00:00Z","Giuseppe Sinigaglia","UPCOMING"
"Cremonese","Fiorentina","2026-03-15T14:00:00Z","Giovanni Zini","UPCOMING"
"Inter","Atalanta","2026-03-15T14:00:00Z","Giuseppe Meazza","UPCOMING"
"Lazio","Milan","2026-03-15T14:00:00Z","Olimpico","UPCOMING"
"Napoli","Lecce","2026-03-15T14:00:00Z","Diego Armando Maradona","UPCOMING"
"Pisa","Cagliari","2026-03-15T14:00:00Z","Cetilar Arena","UPCOMING"
"Sassuolo","Bologna","2026-03-15T14:00:00Z","Mapei Stadium","UPCOMING"
"Torino","Parma","2026-03-15T14:00:00Z","Olimpico - Grande Torino","UPCOMING"
"Udinese","Juventus","2026-03-15T14:00:00Z","Friuli/Bluenergy stadium","UPCOMING"
"Hellas Verona","Genoa","2026-03-15T14:00:00Z","Marcantonio Bentegodi","UPCOMING"
"Atalanta","Hellas Verona","2026-03-22T14:00:00Z","New Balance Arena","UPCOMING"
"Bologna","Lazio","2026-03-22T14:00:00Z","Renato Dall'Ara","UPCOMING"
"Cagliari","Napoli","2026-03-22T14:00:00Z","Unipol Domus","UPCOMING"
"Como","Pisa","2026-03-22T14:00:00Z","Giuseppe Sinigaglia","UPCOMING"
"Fiorentina","Inter","2026-03-22T14:00:00Z","Artemio Franchi","UPCOMING"
"Genoa","Udinese","2026-03-22T14:00:00Z","Luigi Ferraris","UPCOMING"
"Juventus","Sassuolo","2026-03-22T14:00:00Z","Allianz Stadium","UPCOMING"
"Milan","Torino","2026-03-22T14:00:00Z","Giuseppe Meazza","UPCOMING"
"Parma","Cremonese","2026-03-22T14:00:00Z","Ennio Tardini","UPCOMING"
"Roma","Lecce","2026-03-22T14:00:00Z","Olimpico","UPCOMING"
"Cremonese","Bologna","2026-04-04T13:00:00Z","Giovanni Zini","UPCOMING"
"Inter","Roma","2026-04-04T13:00:00Z","Giuseppe Meazza","UPCOMING"
"Juventus","Genoa","2026-04-04T13:00:00Z","Allianz Stadium","UPCOMING"
"Lazio","Parma","2026-04-04T13:00:00Z","Olimpico","UPCOMING"
"Lecce","Atalanta","2026-04-04T13:00:00Z","Ettore Giardiniero - Via Del Mare","UPCOMING"
"Napoli","Milan","2026-04-04T13:00:00Z","Diego Armando Maradona","UPCOMING"
"Pisa","Torino","2026-04-04T13:00:00Z","Cetilar Arena","UPCOMING"
"Sassuolo","Cagliari","2026-04-04T13:00:00Z","Mapei Stadium","UPCOMING"
"Udinese","Como","2026-04-04T13:00:00Z","Friuli/Bluenergy stadium","UPCOMING"
"Hellas Verona","Fiorentina","2026-04-04T13:00:00Z","Marcantonio Bentegodi","UPCOMING"
"Atalanta","Juventus","2026-04-12T13:00:00Z","New Balance Arena","UPCOMING"
"Bologna","Lecce","2026-04-12T13:00:00Z","Renato Dall'Ara","UPCOMING"
"Cagliari","Cremonese","2026-04-12T13:00:00Z","Unipol Domus","UPCOMING"
"Como","Inter","2026-04-12T13:00:00Z","Giuseppe Sinigaglia","UPCOMING"
"Fiorentina","Lazio","2026-04-12T13:00:00Z","Artemio Franchi","UPCOMING"
"Genoa","Sassuolo","2026-04-12T13:00:00Z","Luigi Ferraris","UPCOMING"
"Milan","Udinese","2026-04-12T13:00:00Z","Giuseppe Meazza","UPCOMING"
"Parma","Napoli","2026-04-12T13:00:00Z","Ennio Tardini","UPCOMING"
"Roma","Pisa","2026-04-12T13:00:00Z","Olimpico","UPCOMING"
"Torino","Hellas Verona","2026-04-12T13:00:00Z","Olimpico - Grande Torino","UPCOMING"
"Cremonese","Torino","2026-04-19T13:00:00Z","Giovanni Zini","UPCOMING"
"Inter","Cagliari","2026-04-19T13:00:00Z","Giuseppe Meazza","UPCOMING"
"Juventus","Bologna","2026-04-19T13:00:00Z","Allianz Stadium","UPCOMING"
"Lecce","Fiorentina","2026-04-19T13:00:00Z","Ettore Giardiniero - Via Del Mare","UPCOMING"
"Napoli","Lazio","2026-04-19T13:00:00Z","Diego Armando Maradona","UPCOMING"
"Pisa","Genoa","2026-04-19T13:00:00Z","Cetilar Arena","UPCOMING"
"Roma","Atalanta","2026-04-19T13:00:00Z","Olimpico","UPCOMING"
"Sassuolo","Como","2026-04-19T13:00:00Z","Mapei Stadium","UPCOMING"
"Udinese","Parma","2026-04-19T13:00:00Z","Friuli/Bluenergy stadium","UPCOMING"
"Hellas Verona","Milan","2026-04-19T13:00:00Z","Marcantonio Bentegodi","UPCOMING"
"Bologna","Roma","2026-04-26T13:00:00Z","Renato Dall'Ara","UPCOMING"
"Cagliari","Atalanta","2026-04-26T13:00:00Z","Unipol Domus","UPCOMING"
"Fiorentina","Sassuolo","2026-04-26T13:00:00Z","Artemio Franchi","UPCOMING"
"Genoa","Como","2026-04-26T13:00:00Z","Luigi Ferraris","UPCOMING"
"Lazio","Udinese","2026-04-26T13:00:00Z","Olimpico","UPCOMING"
"Milan","Juventus","2026-04-26T13:00:00Z","Giuseppe Meazza","UPCOMING"
"Napoli","Cremonese","2026-04-26T13:00:00Z","Diego Armando Maradona","UPCOMING"
"Parma","Pisa","2026-04-26T13:00:00Z","Ennio Tardini","UPCOMING"
"Torino","Inter","2026-04-26T13:00:00Z","Olimpico - Grande Torino","UPCOMING"
"Hellas Verona","Lecce","2026-04-26T13:00:00Z","Marcantonio Bentegodi","UPCOMING"
"Atalanta","Genoa","2026-05-03T13:00:00Z","New Balance Arena","UPCOMING"
"Bologna","Cagliari","2026-05-03T13:00:00Z","Renato Dall'Ara","UPCOMING"
"Como","Napoli","2026-05-03T13:00:00Z","Giuseppe Sinigaglia","UPCOMING"
"Cremonese","Lazio","2026-05-03T13:00:00Z","Giovanni Zini","UPCOMING"
"Inter","Parma","2026-05-03T13:00:00Z","Giuseppe Meazza","UPCOMING"
"Juventus","Hellas Verona","2026-05-03T13:00:00Z","Allianz Stadium","UPCOMING"
"Pisa","Lecce","2026-05-03T13:00:00Z","Cetilar Arena","UPCOMING"
"Roma","Fiorentina","2026-05-03T13:00:00Z","Olimpico","UPCOMING"
"Sassuolo","Milan","2026-05-03T13:00:00Z","Mapei Stadium","UPCOMING"
"Udinese","Torino","2026-05-03T13:00:00Z","Friuli/Bluenergy stadium","UPCOMING"
"Cagliari","Udinese","2026-05-10T13:00:00Z","Unipol Domus","UPCOMING"
"Cremonese","Pisa","2026-05-10T13:00:00Z","Giovanni Zini","UPCOMING"
"Fiorentina","Genoa","2026-05-10T13:00:00Z","Artemio Franchi","UPCOMING"
"Lazio","Inter","2026-05-10T13:00:00Z","Olimpico","UPCOMING"
"Lecce","Juventus","2026-05-10T13:00:00Z","Ettore Giardiniero - Via Del Mare","UPCOMING"
"Milan","Atalanta","2026-05-10T13:00:00Z","Giuseppe Meazza","UPCOMING"
"Napoli","Bologna","2026-05-10T13:00:00Z","Diego Armando Maradona","UPCOMING"
"Parma","Roma","2026-05-10T13:00:00Z","Ennio Tardini","UPCOMING"
"Torino","Sassuolo","2026-05-10T13:00:00Z","Olimpico - Grande Torino","UPCOMING"
"Hellas Verona","Como","2026-05-10T13:00:00Z","Marcantonio Bentegodi","UPCOMING"
"Atalanta","Bologna","2026-05-17T13:00:00Z","New Balance Arena","UPCOMING"
"Cagliari","Torino","2026-05-17T13:00:00Z","Unipol Domus","UPCOMING"
"Como","Parma","2026-05-17T13:00:00Z","Giuseppe Sinigaglia","UPCOMING"
"Genoa","Milan","2026-05-17T13:00:00Z","Luigi Ferraris","UPCOMING"
"Inter","Hellas Verona","2026-05-17T13:00:00Z","Giuseppe Meazza","UPCOMING"
"Juventus","Fiorentina","2026-05-17T13:00:00Z","Allianz Stadium","UPCOMING"
"Pisa","Napoli","2026-05-17T13:00:00Z","Cetilar Arena","UPCOMING"
"Roma","Lazio","2026-05-17T13:00:00Z","Olimpico","UPCOMING"
"Sassuolo","Lecce","2026-05-17T13:00:00Z","Mapei Stadium","UPCOMING"
"Udinese","Cremonese","2026-05-17T13:00:00Z","Friuli/Bluenergy stadium","UPCOMING"
"Bologna","Inter","2026-05-24T13:00:00Z","Renato Dall'Ara","UPCOMING"
"Cremonese","Como","2026-05-24T13:00:00Z","Giovanni Zini","UPCOMING"
"Fiorentina","Atalanta","2026-05-24T13:00:00Z","Artemio Franchi","UPCOMING"
"Lazio","Pisa","2026-05-24T13:00:00Z","Olimpico","UPCOMING"
"Lecce","Genoa","2026-05-24T13:00:00Z","Ettore Giardiniero - Via Del Mare","UPCOMING"
"Milan","Cagliari","2026-05-24T13:00:00Z","Giuseppe Meazza","UPCOMING"
"Napoli","Udinese","2026-05-24T13:00:00Z","Diego Armando Maradona","UPCOMING"
"Parma","Sassuolo","2026-05-24T13:00:00Z","Ennio Tardini","UPCOMING"
"Torino","Juventus","2026-05-24T13:00:00Z","Olimpico - Grande Torino","UPCOMING"
"Hellas Verona","Roma","2026-05-24T13:00:00Z","Marcantonio Bentegodi","UPCOMING"